<?xml version="1.0" encoding="UTF-8"?>
<rss version="2.0" xmlns:ror="http://rorweb.com/0.1/" >
<channel>
  <title>ROR Sitemap for https://coursdetorah.tk/</title>
  <link>https://coursdetorah.tk/</link>

<item>
     <link>https://coursdetorah.tk/</link>
     <title>cours de torah</title>
     <description>cours de torah</description>
     <ror:updatePeriod></ror:updatePeriod>
     <ror:sortOrder>0</ror:sortOrder>
     <ror:resourceOf>sitemap</ror:resourceOf>
</item>
<item>
     <link>https://coursdetorah.tk/coursenarabe.html</link>
     <title>cours en arabe</title>
     <description>cours en arabe</description>
     <ror:updatePeriod></ror:updatePeriod>
     <ror:sortOrder>1</ror:sortOrder>
     <ror:resourceOf>sitemap</ror:resourceOf>
</item>
<item>
     <link>https://coursdetorah.tk/musique.html</link>
     <title>שירים</title>
     <description>שירים</description>
     <ror:updatePeriod></ror:updatePeriod>
     <ror:sortOrder>1</ror:sortOrder>
     <ror:resourceOf>sitemap</ror:resourceOf>
</item>
<item>
     <link>https://coursdetorah.tk/horaires%20de%20chabbath.html</link>
     <title>horaires de chabbath</title>
     <description>horaires de chabbath</description>
     <ror:updatePeriod></ror:updatePeriod>
     <ror:sortOrder>1</ror:sortOrder>
     <ror:resourceOf>sitemap</ror:resourceOf>
</item>
<item>
     <link>https://coursdetorah.tk/audio.html</link>
     <title>cours-audio</title>
     <description>cours-audio</description>
     <ror:updatePeriod></ror:updatePeriod>
     <ror:sortOrder>1</ror:sortOrder>
     <ror:resourceOf>sitemap</ror:resourceOf>
</item>
<item>
     <link>https://coursdetorah.tk/index.html</link>
     <title>cours de torah</title>
     <description>cours de torah</description>
     <ror:updatePeriod></ror:updatePeriod>
     <ror:sortOrder>2</ror:sortOrder>
     <ror:resourceOf>sitemap</ror:resourceOf>
</item>
<item>
     <link>https://coursdetorah.tk/omer.html</link>
     <title>Compte-du-Omer</title>
     <description>Compte-du-Omer</description>
     <ror:updatePeriod></ror:updatePeriod>
     <ror:sortOrder>2</ror:sortOrder>
     <ror:resourceOf>sitemap</ror:resourceOf>
</item>
</channel>
</rss>
  